"ID","Exited"
"1836","Yes"
"1935","No"
"0716","No"
"1564","No"
"2631","No"
"1308","No"
"1781","No"
"0322","Yes"
"1413","No"
"0719","No"
"1894","No"
"2593","No"
"2093","No"
"2146","Yes"
"1354","Yes"
"1644","Yes"
"1392","No"
"1460","Yes"
"1513","No"
"0390","No"
"2461","Yes"
"0135","Yes"
"1831","Yes"
"0883","No"
"0786","Yes"
"1217","No"
"1466","No"
"0409","Yes"
"2396","No"
"0835","No"
"1627","No"
"0476","Yes"
"0591","Yes"
"0964","Yes"
"0988","No"
"0892","No"
"1742","No"
"2398","No"
"0428","Yes"
"1425","Yes"
"2903","No"
"0930","No"
"1068","No"
"1554","Yes"
"0379","No"
"2933","No"
"0671","Yes"
"2547","Yes"
"0676","No"
"0377","Yes"
"2566","No"
"0312","No"
"1511","No"
"2634","Yes"
"0854","No"
"2597","Yes"
"0870","No"
"0267","No"
"1255","Yes"
"0792","No"
"1860","No"
"0993","Yes"
"2852","No"
"0158","Yes"
"0452","Yes"
"0590","No"
"2777","Yes"
"0750","Yes"
"0069","No"
"1780","No"
"1056","No"
"2653","Yes"
"1396","Yes"
"2732","No"
"1385","No"
"0548","No"
"2472","Yes"
"1310","Yes"
"2673","No"
"1251","No"
"2916","No"
"0853","No"
"1490","No"
"2249","No"
"1874","No"
"0212","Yes"
"2754","No"
"2255","Yes"
"2886","Yes"
"1320","No"
"2700","No"
"2173","No"
"0602","Yes"
"2448","Yes"
"1901","No"
"2481","Yes"
"0851","No"
"2666","No"
"0598","No"
"1323","Yes"
"1351","No"
"2492","Yes"
"0555","Yes"
"1670","No"
"0967","No"
"2178","Yes"
"2490","Yes"
"2326","No"
"1047","No"
"1663","No"
"0928","Yes"
"1069","Yes"
"0634","No"
"1937","No"
"1445","No"
"2148","Yes"
"1341","Yes"
"1452","Yes"
"1495","No"
"2275","No"
"2019","No"
"0951","No"
"0865","Yes"
"2787","Yes"
"2849","Yes"
"0199","No"
"0701","Yes"
"0950","Yes"
"2154","Yes"
"0048","Yes"
"1879","No"
"0592","No"
"2240","No"
"0011","Yes"
"0159","No"
"1359","No"
"2788","No"
"2028","No"
"1619","Yes"
"2678","Yes"
"2744","No"
"0237","No"
"0940","No"
"2090","No"
"1470","No"
"2890","No"
"0645","Yes"
"0152","No"
"0324","No"
"2040","No"
"0762","Yes"
"1123","No"
"0712","Yes"
"1184","No"
"2489","No"
"2303","Yes"
"2112","No"
"0757","No"
"0657","Yes"
"0459","Yes"
"0797","No"
"1551","Yes"
"2357","No"
"0388","No"
"1081","Yes"
"2764","No"
"2086","No"
"2413","No"
"1951","No"
"0510","Yes"
"2727","Yes"
"1233","No"
"0321","Yes"
"1783","No"
"2996","No"
"2026","Yes"
"0350","No"
"1349","No"
"0408","No"
"1480","Yes"
"2629","Yes"
"1422","Yes"
"2008","Yes"
"1105","No"
"1621","Yes"
"1557","Yes"
"2037","No"
"1563","No"
"0453","No"
"2559","Yes"
"0791","No"
"1651","Yes"
"1271","Yes"
"1284","Yes"
"2651","No"
"2000","No"
"0464","Yes"
"0467","Yes"
"1331","Yes"
"0927","No"
"1837","No"
"0557","No"
"0727","No"
"1893","No"
"2412","No"
"1960","No"
"1963","No"
"2867","No"
"2060","No"
"0231","No"
"2368","No"
"0113","No"
"1333","Yes"
"2689","Yes"
"1205","No"
"1754","No"
"2429","No"
"0859","Yes"
"2855","Yes"
"2176","Yes"
"0694","No"
"0298","Yes"
"2917","Yes"
"0397","No"
"2135","Yes"
"1066","No"
"1408","No"
"0696","No"
"0539","No"
"1655","Yes"
"1394","Yes"
"2746","No"
"2713","Yes"
"2383","Yes"
"1782","No"
"0116","Yes"
"0561","No"
"1875","Yes"
"2923","Yes"
"2458","No"
"1826","No"
"2546","No"
"0049","No"
"0091","No"
"2953","No"
"1347","No"
"0306","Yes"
"0519","Yes"
"1514","Yes"
"1521","No"
"1911","Yes"
"2848","No"
"2702","No"
"0204","No"
"0157","Yes"
"0061","No"
"1344","Yes"
"1153","No"
"0504","Yes"
"2205","No"
"1131","Yes"
"1319","No"
"2207","No"
"1858","No"
"0953","No"
"2068","No"
"1839","Yes"
"1921","Yes"
"2418","Yes"
"0946","No"
"2270","No"
"0403","Yes"
"1980","Yes"
"0923","Yes"
"0756","Yes"
"2696","Yes"
"2092","Yes"
"0191","No"
"0004","Yes"
"0077","No"
"2786","Yes"
"0277","Yes"
"0097","No"
"2866","Yes"
"0911","Yes"
"1022","Yes"
"0090","No"
"2400","No"
"2384","No"
"0961","No"
"2392","No"
"2623","Yes"
"2322","No"
"2553","No"
"2381","No"
"1908","No"
"2537","No"
"0250","No"
"2452","Yes"
"1675","Yes"
"1099","No"
"0331","No"
"0427","Yes"
"2960","Yes"
"1165","Yes"
"2869","No"
"0914","No"
"0717","No"
"0038","Yes"
"2330","No"
"2199","Yes"
"0190","Yes"
"0751","No"
"0448","Yes"
"2267","Yes"
"2282","No"
"2196","No"
"2609","No"
"0037","No"
"2038","Yes"
"2818","No"
"1602","No"
"0896","No"
"0910","No"
"2755","No"
"2586","Yes"
"1419","No"
"0980","No"
"1353","Yes"
"1447","No"
"0273","No"
"2151","Yes"
"0820","No"
"1167","Yes"
"1459","No"
"1316","Yes"
"1050","Yes"
"0785","Yes"
"0702","Yes"
"1318","Yes"
"0391","No"
"2793","No"
"0653","Yes"
"0774","No"
"1634","Yes"
"2428","No"
"2815","Yes"
"1576","Yes"
"2425","No"
"0638","Yes"
"2169","No"
"2811","Yes"
"2065","No"
"1156","No"
"0276","Yes"
"2622","No"
"1250","No"
"1638","Yes"
"2627","No"
"1268","No"
"1580","Yes"
"1811","No"
"1087","No"
"0364","Yes"
"2043","No"
"1753","No"
"0733","No"
"0315","Yes"
"2055","No"
"2545","Yes"
"2403","Yes"
"2361","No"
"2321","No"
"2994","No"
"2078","Yes"
"1823","No"
"1352","No"
"1806","No"
"1270","Yes"
"1093","Yes"
"2261","No"
"1191","No"
"0003","Yes"
"0605","No"
"2123","Yes"
"2404","No"
"0151","Yes"
"0494","No"
"2565","No"
"2402","No"
"0491","Yes"
"1665","Yes"
"0292","Yes"
"2691","Yes"
"0130","Yes"
"2447","Yes"
"0763","Yes"
"2355","No"
"1468","Yes"
"0604","No"
"2557","No"
"1372","No"
"2464","No"
"2137","No"
"0490","Yes"
"2124","No"
"2752","Yes"
"2679","No"
"0626","No"
"0752","Yes"
"1391","No"
"1659","No"
"1441","Yes"
"1231","Yes"
"0484","No"
"2938","Yes"
"2966","No"
"2728","No"
"1649","Yes"
"0913","No"
"0808","No"
"1816","No"
"0534","No"
"2167","No"
"2441","Yes"
"2288","Yes"
"1052","No"
"1715","No"
"0169","No"
"2409","No"
"0698","Yes"
"0935","Yes"
"1161","Yes"
"2875","No"
"1662","No"
"2530","No"
"0622","Yes"
"1146","No"
"1406","No"
"0001","No"
"0443","Yes"
"0945","No"
"2129","No"
"0570","No"
"0416","Yes"
"2523","Yes"
"1346","No"
"1709","No"
"0343","Yes"
"0977","Yes"
"2701","Yes"
"1726","Yes"
"2457","Yes"
"1658","No"
"1008","Yes"
"0861","Yes"
"1289","No"
"2366","Yes"
"2304","No"
"1109","No"
"1149","No"
"1442","No"
"0652","Yes"
"0944","No"
"2769","Yes"
"1269","No"
"1196","No"
"1163","No"
"2459","No"
"1913","No"
"2660","No"
"1571","No"
"2630","No"
"0806","No"
"0414","Yes"
"1881","No"
"1382","No"
"2639","No"
"0925","No"
"1028","Yes"
"0632","No"
"1179","No"
"0316","Yes"
"1456","Yes"
"0529","Yes"
"1585","No"
"0722","Yes"
"0338","Yes"
"0056","No"
"2393","Yes"
"0208","Yes"
"0166","No"
"0101","No"
"0885","No"
"0888","Yes"
"1699","No"
"0678","Yes"
"2950","Yes"
"2259","No"
"0205","No"
"0353","No"
"1212","No"
"2993","No"
"1479","Yes"
"1707","No"
"0613","Yes"
"0998","Yes"
"2862","No"
"2860","No"
"0636","No"
"1954","No"
"2789","No"
"2066","No"
"0714","No"
"1922","No"
"2339","Yes"
"2850","No"
"0482","Yes"
"2600","No"
"2644","No"
"0239","No"
"2002","No"
"0473","Yes"
"0965","No"
"0179","No"
"0887","No"
"0576","Yes"
"0599","Yes"
"2893","Yes"
"1236","No"
"1528","Yes"
"1684","Yes"
"1798","Yes"
"1024","No"
"1117","Yes"
"1292","No"
"2803","No"
"1089","No"
"1687","No"
"2513","Yes"
"0718","No"
"1332","No"
"0732","Yes"
"1773","No"
"0734","Yes"
"1740","No"
"2997","No"
"2635","No"
"0850","No"
"2110","Yes"
"1928","Yes"
"2605","No"
"2316","No"
"2256","No"
"1852","No"
"1664","Yes"
"0395","No"
"1305","No"
"0618","Yes"
"2642","No"
"0495","No"
"2645","Yes"
"0831","Yes"
"0129","No"
"0731","Yes"
"0384","Yes"
"0646","Yes"
"2939","No"
"0846","No"
"1607","No"
"0259","No"
"2636","No"
"1999","No"
"0764","No"
"2838","Yes"
"0100","No"
"2372","No"
"0070","No"
"1989","Yes"
"1545","No"
"2863","No"
"1952","Yes"
"1377","No"
"2362","Yes"
"0739","No"
"1641","No"
"0515","Yes"
"1861","Yes"
"1014","No"
"0216","No"
"1817","Yes"
"0542","No"
"0078","No"
"2870","Yes"
"0852","No"
"2474","No"
"1535","No"
"1039","No"
"2831","No"
"2244","No"
"1559","No"
"0386","Yes"
"2894","Yes"
"1685","No"
"0845","No"
"0672","No"
"1416","Yes"
"0654","No"
"0214","Yes"
"1287","No"
"0788","No"
"2460","No"
"2509","No"
"0723","Yes"
"2986","No"
"2417","No"
"1139","No"
"2549","Yes"
"0221","No"
"1174","No"
"0497","No"
"2872","Yes"
"2723","No"
"2329","Yes"
"0552","No"
"1647","No"
"2374","No"
"1739","No"
"0022","Yes"
"1243","Yes"
"2181","Yes"
"2016","No"
"2520","Yes"
"1176","No"
"0509","No"
"2487","No"
"2147","No"
"0890","No"
"0182","No"
"2590","No"
"0697","No"
"0799","No"
"0136","No"
"0524","Yes"
"2737","No"
"1906","No"
"2160","Yes"
"2264","No"
"0083","Yes"
"2710","Yes"
"1942","Yes"
"2854","No"
"2654","No"
"1628","No"
"2581","No"
"2387","No"
"2611","Yes"
"1112","Yes"
"2954","No"
"0044","Yes"
"0942","No"
"2958","No"
"2379","Yes"
"1114","No"
"2528","Yes"
"2912","Yes"
"1517","No"
"2602","Yes"
"1642","Yes"
"2375","Yes"
"1343","No"
"1856","No"
"0957","Yes"
"0728","Yes"
"0879","Yes"
"1027","No"
"1914","Yes"
"1746","Yes"
"2299","No"
"0893","No"
"0404","No"
"0547","No"
"1975","No"
"0995","Yes"
"1472","No"
"0798","Yes"
"1020","No"
"1475","Yes"
"1600","No"
"1769","Yes"
"2922","Yes"
"2940","No"
"0373","Yes"
"2536","No"
"2415","No"
"1846","Yes"
"2309","Yes"
"2655","Yes"
"1994","Yes"
"1211","Yes"
"0782","Yes"
"1682","No"
"0884","No"
"0018","No"
"2453","No"
"2659","Yes"
"1532","Yes"
"0894","Yes"
"1375","No"
"0366","No"
"0287","Yes"
"1527","No"
"1583","Yes"
"1296","No"
"2658","Yes"
"0466","Yes"
"1853","Yes"
"2035","Yes"
"1208","Yes"
"0969","No"
"1796","No"
"1177","No"
"1043","Yes"
"0667","No"
"2045","Yes"
"2237","Yes"
"1833","Yes"
"1075","No"
"2992","No"
"2661","Yes"
"1609","No"
"0410","No"
"1471","Yes"
"1674","Yes"
"2340","No"
"0068","Yes"
"2352","No"
"1201","Yes"
"2664","Yes"
"2711","No"
"0773","No"
"2589","No"
"0034","No"
"0631","Yes"
"0684","No"
"2226","Yes"
"0361","No"
"0608","No"
"2748","No"
"2296","No"
"2570","No"
"1686","Yes"
"2676","No"
"1519","No"
"1267","No"
"1467","No"
"1016","Yes"
"1784","Yes"
"1398","Yes"
"1542","No"
"0127","No"
"1242","No"
"2214","Yes"
"2350","No"
"0907","Yes"
"1283","Yes"
"0740","No"
"0337","No"
"2534","No"
"2929","Yes"
"0855","Yes"
"0857","No"
"1210","Yes"
"0470","No"
"1071","No"
"1680","No"
"2394","No"
"1548","Yes"
"1426","No"
"1834","No"
"2683","No"
"0978","No"
"2253","Yes"
"1240","No"
"1949","No"
"2242","Yes"
"0630","No"
"0829","No"
"2765","Yes"
"0382","No"
"1582","Yes"
"1637","Yes"
"0516","No"
"0132","No"
"1144","Yes"
"0307","No"
"0841","No"
"2386","Yes"
"2217","No"
"0356","No"
"1350","No"
"1865","No"
"1315","No"
"2353","Yes"
"0066","Yes"
"0308","No"
"0597","No"
"2027","No"
"0213","No"
"2245","Yes"
"1026","No"
"1598","Yes"
"0088","No"
"2957","No"
"1828","No"
"1932","No"
"0575","No"
"0207","No"
"1900","Yes"
"1404","No"
"1338","No"
"0813","No"
"2904","Yes"
"2569","No"
"2241","No"
"0224","No"
"0726","No"
"2895","Yes"
"1373","Yes"
"0442","No"
"0431","Yes"
"0517","Yes"
"1321","No"
"0294","No"
"0903","No"
"2230","No"
"1667","No"
"1293","Yes"
"1155","Yes"
"0325","No"
"0746","No"
"2004","Yes"
"0274","No"
"0915","Yes"
"0413","No"
"0573","Yes"
"1090","Yes"
"1335","No"
"1427","No"
"1541","No"
"2511","Yes"
"0137","Yes"
"0970","No"
"1402","Yes"
"2784","Yes"
"1088","Yes"
"0074","No"
"1640","No"
"2115","No"
"0425","No"
"1889","No"
"0424","No"
"2018","No"
"2144","No"
"0203","Yes"
"1101","No"
"2839","No"
"0898","Yes"
"1241","No"
"2161","No"
"1537","No"
"0856","Yes"
"0051","Yes"
"1925","Yes"
"0620","Yes"
"1507","Yes"
"2164","Yes"
"0352","No"
"2080","No"
"1051","Yes"
"0186","Yes"
"1013","Yes"
"0271","Yes"
"0025","No"
"1029","Yes"
"2779","Yes"
"0426","No"
"2331","Yes"
"1365","No"
"0952","Yes"
"0469","No"
"2034","Yes"
"2517","No"
"0628","Yes"
"1760","No"
"2096","No"
"1716","Yes"
"1741","Yes"
"1403","Yes"
"2598","No"
"0873","No"
"2540","Yes"
"0649","No"
"2751","Yes"
"1132","No"
"1945","No"
"1374","No"
"1737","No"
"2946","No"
"0419","Yes"
"1992","No"
"0637","No"
"2716","Yes"
"1708","No"
"2233","No"
"0230","No"
"1700","No"
"2408","No"
"2470","No"
"2349","No"
"0233","No"
"1084","No"
"2837","No"
"2564","Yes"
"2694","Yes"
"0520","No"
"2680","No"
"1111","No"
"2219","Yes"
"1909","Yes"
"0502","No"
"0772","Yes"
"0253","Yes"
"1121","Yes"
"1761","No"
"1793","No"
"0900","No"
"0839","No"
"2059","No"
"1854","No"
"2071","Yes"
"2571","Yes"
"0673","No"
"1168","No"
"0931","No"
"2688","No"
"1007","No"
"0211","Yes"
"0655","No"
"2062","Yes"
"2552","Yes"
"2195","Yes"
"0675","Yes"
"0458","No"
"1876","No"
"2603","Yes"
"2047","Yes"
"1691","Yes"
"2768","No"
"0584","No"
"2822","No"
"2578","No"
"2391","No"
"2058","No"
"1987","Yes"
"2675","No"
"0027","Yes"
"0974","No"
"0578","No"
"2432","Yes"
"1978","No"
"2729","Yes"
"0385","Yes"
"2155","No"
"2883","No"
"1538","Yes"
"0908","Yes"
"2281","No"
"1719","Yes"
"1498","No"
"0629","No"
"1775","No"
"2924","Yes"
"1401","No"
"0633","No"
"2936","Yes"
"1006","No"
"0924","Yes"
"2842","No"
"0163","No"
"2584","Yes"
"2211","Yes"
"0392","No"
"1959","No"
"2157","No"
"2294","No"
"2999","Yes"
"0194","Yes"
"1891","Yes"
"2743","No"
"0651","Yes"
"1064","No"
"1157","No"
"1433","No"
"2298","Yes"
"1500","No"
"2003","No"
"2399","No"
"2824","Yes"
"2682","No"
"0102","Yes"
"0138","No"
"0882","No"
"0040","No"
"2747","No"
"0242","Yes"
"2083","No"
"2082","No"
"2796","No"
"0340","No"
"2529","No"
"0451","No"
"2843","No"
"1063","No"
"0661","No"
"2825","No"
"1929","No"
"0877","No"
"1567","No"
"2739","No"
"2213","No"
"0794","Yes"
"0154","No"
"2258","No"
"1417","No"
"1824","No"
"2422","No"
"0462","Yes"
"2338","No"
"2956","Yes"
"0771","No"
"0627","Yes"
"1718","No"
"1985","Yes"
"2373","Yes"
"2524","No"
"1632","Yes"
"2558","Yes"
"1072","No"
"1810","No"
"0647","Yes"
"2462","Yes"
"2406","No"
"2892","No"
"0283","Yes"
"2106","Yes"
"2359","Yes"
"2670","No"
"1379","No"
"0225","No"
"2897","No"
"1690","No"
"1851","No"
"2851","No"
"1499","Yes"
"2965","No"
"0973","No"
"0569","Yes"
"0092","No"
"1107","Yes"
"0619","No"
"1366","Yes"
"2354","Yes"
"0342","No"
"2551","Yes"
"0280","No"
"2823","No"
"0290","Yes"
"1223","No"
"2733","Yes"
"2735","Yes"
"2315","Yes"
"2792","Yes"
"1838","No"
"2715","No"
"1702","Yes"
"1276","No"
"1574","No"
"1355","Yes"
"0541","No"
"1880","No"
"0972","Yes"
"0556","No"
"1656","No"
"1046","No"
"0227","No"
"0026","No"
"2108","Yes"
"2284","No"
"0046","No"
"1772","Yes"
"1964","Yes"
"2506","No"
"2840","No"
"0525","No"
"2182","No"
"2976","Yes"
"2575","No"
"2930","No"
"0107","Yes"
"0983","No"
"0422","Yes"
"2812","No"
"1065","No"
"1481","No"
"0010","Yes"
"0916","No"
"0568","Yes"
"2419","No"
"1827","Yes"
"1771","No"
"1734","No"
"0293","Yes"
"2014","Yes"
"0975","Yes"
"2099","No"
"1249","No"
"1304","Yes"
"1330","No"
"0217","No"
"0067","No"
"2541","No"
"2009","No"
"0501","No"
"1300","No"
"2880","Yes"
"0234","No"
"0994","No"
"1725","No"
"0780","Yes"
"2188","No"
"1522","No"
"1593","No"
"1186","No"
"0421","Yes"
"1094","No"
"0087","Yes"
"1802","No"
"0269","Yes"
"0826","No"
"0164","No"
"2494","Yes"
"1681","No"
"1529","No"
"2816","No"
"0447","No"
"1584","No"
"0160","Yes"
"1415","Yes"
"1799","Yes"
"0082","No"
"0941","No"
"0383","No"
"2484","No"
"0658","No"
"1870","No"
"2423","No"
"0430","No"
"1317","Yes"
"0260","Yes"
"0959","No"
"1568","No"
"0376","No"
"1145","No"
"2084","Yes"
"1866","Yes"
"1887","No"
"0966","No"
"1830","No"
"2197","No"
"2554","No"
"1214","No"
"2500","No"
"2596","No"
"0180","Yes"
"1195","No"
"2502","Yes"
"2463","Yes"
"1279","Yes"
"0328","No"
"1588","No"
"1745","Yes"
"1955","No"
"2337","No"
"1803","Yes"
"2141","No"
"2925","No"
"2005","No"
"1626","No"
"2483","No"
"1872","Yes"
"2861","No"
"2550","No"
"0707","No"
"1265","Yes"
"2568","No"
"0670","Yes"
"0041","No"
"0721","Yes"
"2955","No"
"1701","No"
"0268","No"
"0206","No"
"0351","Yes"
"1979","Yes"
"2544","No"
"2577","No"
"0118","No"
"0615","Yes"
"2493","Yes"
"2775","Yes"
"2290","No"
"2246","Yes"
"1930","No"
"1151","No"
"1147","No"
"1777","Yes"
"1766","Yes"
"2647","No"
"2648","No"
"1037","Yes"
"2580","Yes"
"0016","No"
"1329","No"
"0275","No"
"2948","No"
"1234","Yes"
"1570","No"
"2876","No"
"1209","Yes"
"1119","Yes"
"1815","No"
"2271","Yes"
"0821","No"
"0895","No"
"0937","No"
"0115","No"
"1256","Yes"
"0917","No"
"2614","No"
"2482","No"
"1757","No"
"1378","No"
"1972","Yes"
"1630","Yes"
"2102","Yes"
"1368","Yes"
"2121","No"
"0354","Yes"
"2646","No"
"1947","No"
"2095","Yes"
"1044","No"
"2833","Yes"
"2604","No"
"0341","No"
"1759","No"
"1883","No"
"1516","Yes"
"1676","No"
"2426","No"
"1974","Yes"
"1376","No"
"1494","Yes"
"0938","Yes"
"2163","No"
"2145","No"
"1414","No"
"0007","No"
"1259","No"
"1159","Yes"
"1934","No"
"0660","No"
"2782","Yes"
"1502","No"
"1566","Yes"
"0804","No"
"2371","No"
"0872","Yes"
"2376","No"
"0685","No"
"2036","No"
"2961","No"
"2063","No"
"1814","No"
"2579","Yes"
"2770","Yes"
"2138","No"
"0282","Yes"
"1624","No"
"0909","No"
"2265","Yes"
"2753","Yes"
"2446","Yes"
"1095","No"
"1752","No"
"1990","Yes"
"0249","No"
"0444","No"
"2721","No"
"0876","No"
"2973","No"
"0901","No"
"2085","No"
"1898","No"
"1253","No"
"1669","Yes"
"1328","Yes"
"1692","No"
"0313","Yes"
"0989","No"
"1306","Yes"
"0369","No"
"2947","No"
"0262","Yes"
"2015","Yes"
"2977","Yes"
"2507","No"
"1722","No"
"2232","Yes"
"1723","No"
"1451","Yes"
"0527","No"
"2103","No"
"2295","No"
"0435","Yes"
"0005","Yes"
"0439","No"
"1080","Yes"
"0258","No"
"1476","Yes"
"2198","Yes"
"0784","No"
"1678","No"
"2621","No"
"0326","No"
"1336","No"
"1961","Yes"
"1086","No"
"2427","No"
"0156","No"
"0743","No"
"1005","Yes"
"0596","No"
"1202","No"
"0912","No"
"0024","Yes"
"2624","Yes"
"0357","Yes"
"1461","Yes"
"2140","Yes"
"1257","Yes"
"0333","No"
"1561","No"
"0185","No"
"2286","Yes"
"2202","No"
"2989","No"
"0263","No"
"2380","No"
"1263","No"
"0954","Yes"
"0094","No"
"1036","No"
"1345","Yes"
"0593","No"
"1437","No"
"1855","Yes"
"2476","Yes"
"2223","No"
"2052","Yes"
"2918","Yes"
"2757","No"
"2968","No"
"0986","Yes"
"2503","No"
"2466","No"
"0662","No"
"1820","Yes"
"2543","Yes"
"1424","No"
"1060","No"
"0086","Yes"
"1170","No"
"1125","Yes"
"1927","No"
"2791","No"
"0161","Yes"
"2899","Yes"
"1160","No"
"2266","Yes"
"2044","No"
"2625","No"
"2158","Yes"
"2172","No"
"0926","No"
"2194","Yes"
"1787","Yes"
"1199","Yes"
"2911","Yes"
"0640","No"
"1577","No"
"2734","No"
"0488","No"
"2133","No"
"1916","No"
"1885","No"
"1695","No"
"2486","No"
"0985","Yes"
"0962","Yes"
"2175","Yes"
"0002","Yes"
"1553","No"
"2206","No"
"1254","Yes"
"1788","No"
"1193","No"
"0725","No"
"1274","Yes"
"0173","No"
"0949","No"
"1175","No"
"2931","No"
"2868","No"
"1194","No"
"0121","Yes"
"1103","No"
"2118","No"
"1613","Yes"
"1286","Yes"
"0824","No"
"1727","No"
"1970","No"
"0286","Yes"
"2116","Yes"
"1603","Yes"
"2454","Yes"
"1967","No"
"1703","No"
"2705","No"
"2501","Yes"
"1496","Yes"
"1150","No"
"0272","No"
"1774","No"
"2332","Yes"
"1767","No"
"2319","No"
"1871","No"
"2442","Yes"
"2465","Yes"
"0554","No"
"1604","Yes"
"0437","No"
"1418","Yes"
"2910","Yes"
"0406","No"
"1273","Yes"
"2348","Yes"
"0498","No"
"0823","Yes"
"0200","No"
"0471","Yes"
"1842","No"
"1864","Yes"
"0215","Yes"
"1539","Yes"
"1434","Yes"
"2830","No"
"2628","No"
"1443","Yes"
"0612","Yes"
"1221","No"
"2704","No"
"0362","No"
"0549","No"
"2113","No"
"1953","Yes"
"2617","No"
"0109","No"
"2794","No"
"0713","Yes"
"2389","No"
"1285","Yes"
"0809","No"
"1122","No"
"2722","Yes"
"2313","Yes"
"1135","No"
"0128","Yes"
"0899","No"
"0783","No"
"1262","No"
"1034","Yes"
"0775","Yes"
"1946","Yes"
"2385","No"
"2526","No"
"1614","Yes"
"1645","No"
"1825","Yes"
"2430","No"
"2608","Yes"
"0603","No"
"1136","Yes"
"0530","No"
"2927","No"
"2236","Yes"
"2874","No"
"0753","No"
"0776","Yes"
"2514","Yes"
"2450","No"
"1950","Yes"
"0105","Yes"
"2731","No"
"1238","No"
"0059","Yes"
"2305","No"
"0665","No"
"2697","Yes"
"1290","Yes"
"0368","No"
"1829","No"
"1171","No"
"0611","No"
"0528","No"
"2076","No"
"2827","No"
"2515","Yes"
"2081","No"
"2433","No"
"2130","Yes"
"2724","No"
"0264","Yes"
"2109","Yes"
"2388","No"
"0456","No"
"2516","No"
"2612","No"
"0616","No"
"0922","No"
"2347","Yes"
"0210","Yes"
"2878","No"
"2795","Yes"
"2042","Yes"
"2434","No"
"1785","Yes"
"1464","Yes"
"2407","No"
"2959","No"
"1595","Yes"
"2187","No"
"1850","Yes"
"1409","Yes"
"0080","No"
"1405","No"
"1252","No"
"2637","No"
"0738","Yes"
"2967","No"
"1983","Yes"
"1868","Yes"
"0188","Yes"
"1291","Yes"
"0339","Yes"
"2170","Yes"
"1599","No"
"2072","No"
"0305","No"
"1779","No"
"1841","No"
"1298","Yes"
"1229","No"
"1399","Yes"
"0457","No"
"2826","No"
"2888","No"
"1062","No"
"0241","No"
"1477","Yes"
"1116","Yes"
"1688","No"
"0551","No"
"1549","No"
"1178","Yes"
"1497","No"
"1805","Yes"
"2800","No"
"1004","No"
"1478","No"
"0842","No"
"0008","No"
"1407","Yes"
"0704","No"
"2333","No"
"1807","Yes"
"1465","No"
"2560","Yes"
"2345","No"
"1962","No"
"1348","No"
"1049","No"
"1303","Yes"
"1204","Yes"
"1941","Yes"
"0511","Yes"
"2497","No"
"0505","No"
"2937","No"
"0349","Yes"
"1525","No"
"2356","No"
"0015","Yes"
"2401","No"
"1721","No"
"0378","Yes"
"0393","No"
"1278","No"
"1048","No"
"2521","Yes"
"2773","No"
"1633","Yes"
"0832","Yes"
"0400","No"
"0150","Yes"
"1534","No"
"0711","No"
"0566","No"
"1622","No"
"0358","No"
"0512","No"
"0441","Yes"
"2467","Yes"
"2555","Yes"
"0243","No"
"1958","No"
"2606","Yes"
"2709","Yes"
"1200","No"
"2436","No"
"2902","No"
"2907","Yes"
"0523","No"
"1508","No"
"1808","No"
"0389","No"
"1115","No"
"2365","No"
"0992","Yes"
"2750","Yes"
"2301","No"
"0624","No"
"2638","No"
"0904","No"
"1683","Yes"
"0956","No"
"2152","No"
"0042","Yes"
"2342","Yes"
"0758","No"
"1011","No"
"1491","Yes"
"2308","No"
"0943","No"
"1458","Yes"
"1933","Yes"
"0521","No"
"2209","No"
"0920","No"
"2681","No"
"2067","No"
"1453","No"
"1035","No"
"0715","No"
"1712","No"
"2508","No"
"2006","No"
"0571","No"
"1326","No"
"2981","No"
"1589","No"
"2238","No"
"1067","No"
"1556","No"
"2525","Yes"
"1993","No"
"1104","Yes"
"2548","No"
"0531","No"
"1260","Yes"
"1182","Yes"
"2742","No"
"0371","No"
"0438","No"
"1220","Yes"
"0394","Yes"
"1058","Yes"
"1015","Yes"
"1367","Yes"
"2327","Yes"
"2234","Yes"
"1791","Yes"
"0142","No"
"0089","No"
"0162","Yes"
"0699","No"
"1679","Yes"
"0335","Yes"
"2783","No"
"2667","No"
"2411","No"
"0558","No"
"2091","No"
"2766","Yes"
"0228","No"
"0252","No"
"1924","No"
"1896","No"
"0432","Yes"
"1819","No"
"0126","No"
"2587","No"
"2585","No"
"0543","No"
"2485","Yes"
"2049","No"
"2285","No"
"1765","Yes"
"1907","Yes"
"2588","No"
"0183","No"
"2607","Yes"
"1736","Yes"
"1587","No"
"1032","No"
"2859","No"
"2672","No"
"2263","No"
"0692","Yes"
"2252","Yes"
"2504","No"
"1228","No"
"2499","No"
"2776","Yes"
"0500","No"
"1660","No"
"0170","Yes"
"1918","No"
"1432","No"
"0708","Yes"
"2626","No"
"0095","Yes"
"0145","No"
"1698","Yes"
"1102","No"
"1617","No"
"0761","No"
"2134","No"
"1421","Yes"
"2477","No"
"1389","No"
"1057","No"
"0209","Yes"
"0125","Yes"
"2669","No"
"2325","No"
"2204","No"
"0585","No"
"1073","No"
"2031","No"
"1555","Yes"
"1079","No"
"0508","No"
"0079","Yes"
"0810","Yes"
"1610","Yes"
"2865","No"
"0790","No"
"0765","No"
"0814","No"
"0565","No"
"2293","No"
"1812","No"
"0009","No"
"0483","Yes"
"0499","Yes"
"2832","Yes"
"2640","No"
"2370","No"
"0314","Yes"
"0360","No"
"0648","No"
"1158","Yes"
"2097","Yes"
"1380","No"
"2980","Yes"
"1758","No"
"2531","No"
"2720","No"
"2056","Yes"
"1420","Yes"
"1002","No"
"2972","No"
"0827","No"
"0760","No"
"0261","No"
"0641","No"
"2479","No"
"0407","Yes"
"2665","Yes"
"0730","No"
"1849","No"
"2421","No"
"2615","No"
"2343","No"
"1531","No"
"2900","No"
"1473","No"
"1905","No"
"1363","No"
"1813","Yes"
"1668","Yes"
"2291","No"
"0030","No"
"2443","No"
"2730","No"
"0122","Yes"
"2632","No"
"1747","No"
"1216","No"
"2643","No"
"0245","Yes"
"2518","No"
"2126","No"
"1804","No"
"0474","Yes"
"1800","No"
"0285","Yes"
"0934","Yes"
"2341","Yes"
"1809","No"
"0921","No"
"1288","No"
"2952","Yes"
"2778","No"
"1235","No"
"1361","No"
"0055","No"
"2618","Yes"
"0229","Yes"
"2268","No"
"1325","Yes"
"2563","No"
"2225","No"
"0304","No"
"0800","Yes"
"2183","No"
"0659","Yes"
"2677","Yes"
"0889","No"
"0897","Yes"
"0147","No"
"2087","Yes"
"0401","Yes"
"1237","Yes"
"1988","No"
"0601","No"
"2703","Yes"
"0936","No"
"0681","Yes"
"2119","Yes"
"0724","No"
"0706","Yes"
"0195","No"
"0679","Yes"
"2964","No"
"0680","No"
"0902","No"
"0582","Yes"
"2649","Yes"
"0778","No"
"0134","No"
"0062","Yes"
"0463","Yes"
"0057","No"
"0120","No"
"0518","Yes"
"0546","Yes"
"2539","No"
"1847","Yes"
"2382","Yes"
"2227","No"
"1282","No"
"2896","No"
"1755","Yes"
"2420","Yes"
"0742","Yes"
"0999","Yes"
"2905","No"
"2222","No"
"2314","No"
"0537","No"
"1429","No"
"0053","No"
"0666","No"
"1550","Yes"
"1311","No"
"2522","No"
"0420","Yes"
"0110","No"
"2351","No"
"1181","No"
"0770","No"
"2191","No"
"2029","Yes"
"1218","No"
"2248","No"
"2801","Yes"
"0081","No"
"2336","No"
"1575","No"
"2995","No"
"2107","No"
"2311","Yes"
"2714","No"
"0020","Yes"
"0656","No"
"2070","Yes"
"2150","No"
"0963","No"
"1558","No"
"0550","No"
"1061","Yes"
"0348","No"
"0768","Yes"
"1878","No"
"1138","No"
"2041","No"
"1895","Yes"
"2212","Yes"
"0700","No"
"2437","No"
"1245","No"
"0255","No"
"0171","Yes"
"0023","No"
"0365","Yes"
"1462","Yes"
"0610","No"
"2289","Yes"
"1890","No"
"1735","Yes"
"2576","Yes"
"2203","No"
"0310","Yes"
"1509","No"
"0168","Yes"
"1612","Yes"
"0329","No"
"1137","No"
"1768","No"
"1113","No"
"2527","No"
"1091","Yes"
"2131","No"
"1128","No"
"1078","No"
"2021","Yes"
"2991","No"
"1010","Yes"
"2215","No"
"0288","Yes"
"1886","No"
"1618","No"
"2909","No"
"0567","Yes"
"0336","Yes"
"2344","Yes"
"0299","Yes"
"0197","No"
"0472","Yes"
"1307","Yes"
"2414","No"
"2535","Yes"
"0045","No"
"1294","No"
"1650","No"
"2740","Yes"
"1019","No"
"0687","No"
"1486","No"
"1000","Yes"
"2828","No"
"2053","Yes"
"1926","No"
"1395","No"
"0284","No"
"1454","Yes"
"0193","No"
"1965","Yes"
"1030","No"
"0833","No"
"0155","Yes"
"2358","Yes"
"1482","No"
"0433","No"
"1012","No"
"1198","No"
"0415","Yes"
"1386","No"
"2300","Yes"
"0114","No"
"2269","Yes"
"2011","No"
"0777","No"
"1197","Yes"
"1313","Yes"
"1697","No"
"1635","Yes"
"0014","No"
"2741","No"
"0247","Yes"
"0828","No"
"1671","No"
"1706","No"
"2438","Yes"
"0303","No"
"2821","No"
"2809","Yes"
"2845","No"
"2142","Yes"
"0449","No"
"2310","No"
"1152","No"
"1510","No"
"1141","No"
"2498","No"
"1183","No"
"2772","No"
"2759","Yes"
"0735","No"
"1764","No"
"1339","Yes"
"0863","Yes"
"0487","No"
"1693","No"
"0071","No"
"1540","Yes"
"2335","Yes"
"1362","Yes"
"2455","No"
"1822","No"
"1738","No"
"0006","Yes"
"2287","No"
"2416","Yes"
"0574","No"
"1792","No"
"0815","No"
"1562","Yes"
"1892","No"
"2856","Yes"
"2274","No"
"0958","Yes"
"1108","No"
"1474","Yes"
"2292","No"
"2719","Yes"
"0705","No"
"1411","No"
"0380","No"
"2891","No"
"1357","Yes"
"0270","No"
"2054","Yes"
"2120","Yes"
"2210","No"
"1969","No"
"1648","No"
"2317","Yes"
"1045","Yes"
"0278","No"
"0866","Yes"
"0886","Yes"
"2990","No"
"0688","Yes"
"0254","No"
"0178","No"
"1518","No"
"0971","Yes"
"1431","Yes"
"2136","Yes"
"0749","No"
"1625","No"
"2098","No"
"0793","Yes"
"0029","Yes"
"0990","No"
"1957","Yes"
"0874","No"
"1309","No"
"1275","No"
"2224","Yes"
"1605","No"
"2480","Yes"
"1984","Yes"
"2987","No"
"0507","No"
"1888","No"
"1966","Yes"
"0745","Yes"
"0955","Yes"
"1948","No"
"0677","No"
"2243","No"
"0819","Yes"
"1070","No"
"2193","No"
"0104","No"
"1314","Yes"
"2686","Yes"
"1863","No"
"2456","No"
"0149","No"
"0124","Yes"
"2491","No"
"1597","Yes"
"0932","Yes"
"2806","No"
"0991","Yes"
"0035","No"
"0844","Yes"
"2156","No"
"0560","No"
"2836","No"
"2048","Yes"
"2595","No"
"1590","No"
"2708","No"
"0031","Yes"
"2592","No"
"1295","No"
"0609","Yes"
"0309","Yes"
"1230","Yes"
"2257","Yes"
"2687","No"
"0744","No"
"2829","No"
"2920","No"
"1710","No"
"2276","Yes"
"0445","No"
"0257","No"
"2364","No"
"0858","No"
"1261","No"
"1227","Yes"
"2139","No"
"0140","No"
"0847","No"
"1297","Yes"
"2101","No"
"1397","No"
"2738","No"
"2712","Yes"
"2114","No"
"1770","Yes"
"2984","No"
"0084","No"
"0492","No"
"2871","No"
"1750","No"
"1083","Yes"
"2025","No"
"0811","No"
"0533","Yes"
"2887","No"
"1620","No"
"0830","No"
"2495","No"
"2718","No"
"0748","No"
"1744","No"
"0039","No"
"2650","No"
"1501","Yes"
"0683","Yes"
"1436","No"
"2771","Yes"
"1569","Yes"
"2963","Yes"
"1743","No"
"1616","No"
"1623","Yes"
"2023","No"
"0318","Yes"
"1661","No"
"1639","No"
"2435","Yes"
"1996","No"
"0506","No"
"2725","No"
"0796","No"
"2439","Yes"
"2926","Yes"
"2975","Yes"
"2262","Yes"
"2767","Yes"
"2122","No"
"2561","Yes"
"1444","No"
"1931","No"
"0635","No"
"1469","No"
"1232","No"
"0825","Yes"
"1301","Yes"
"1696","Yes"
"2962","Yes"
"2057","No"
"0236","Yes"
"1795","No"
"0987","No"
"1776","No"
"1998","No"
"0479","Yes"
"0577","No"
"0759","No"
"0398","Yes"
"2216","Yes"
"0235","Yes"
"1082","No"
"1031","Yes"
"1129","No"
"2662","Yes"
"0579","No"
"2970","No"
"2969","No"
"0522","Yes"
"2807","Yes"
"0058","No"
"2889","No"
"0399","No"
"1976","No"
"0220","No"
"2599","No"
"0187","Yes"
"1042","No"
"1239","No"
"0801","Yes"
"2077","No"
"1266","No"
"1244","No"
"0540","No"
"1581","Yes"
"2017","Yes"
"1187","No"
"1526","No"
"0184","No"
"2758","No"
"0600","Yes"
"0668","No"
"1337","No"
"2260","Yes"
"1986","No"
"2785","No"
"0412","No"
"2235","Yes"
"1134","No"
"1192","No"
"0805","Yes"
"1646","No"
"1653","Yes"
"2846","No"
"1356","Yes"
"0423","Yes"
"1636","No"
"1835","No"
"2813","Yes"
"2698","Yes"
"0050","No"
"1390","No"
"1751","No"
"2573","Yes"
"3000","No"
"0754","No"
"0345","No"
"1544","No"
"0429","No"
"2652","No"
"1631","Yes"
"0330","No"
"1724","No"
"2707","No"
"2805","No"
"2841","Yes"
"0296","Yes"
"0617","No"
"1455","Yes"
"1327","Yes"
"2914","Yes"
"1272","Yes"
"1188","No"
"0367","No"
"1912","No"
"0281","No"
"0265","No"
"1169","No"
"0960","Yes"
"0196","No"
"0979","No"
"2323","Yes"
"1672","No"
"2239","No"
"2873","No"
"2858","Yes"
"1127","Yes"
"1148","No"
"1334","Yes"
"1845","Yes"
"0450","No"
"2562","No"
"1862","Yes"
"0176","Yes"
"1515","Yes"
"1689","No"
"0417","Yes"
"0436","Yes"
"1995","Yes"
"0781","No"
"1388","No"
"2817","Yes"
"0266","No"
"1484","No"
"1713","Yes"
"1185","No"
"2094","No"
"1143","Yes"
"2254","No"
"0320","No"
"0043","No"
"2798","No"
"1106","No"
"1732","No"
"1859","Yes"
"1126","No"
"2915","No"
"1120","No"
"2693","Yes"
"0223","No"
"0880","No"
"2328","No"
"0332","Yes"
"1920","Yes"
"2591","No"
"2105","No"
"1591","No"
"2100","No"
"1844","No"
"2179","No"
"0709","No"
"1677","No"
"2616","Yes"
"1017","No"
"1899","Yes"
"0891","No"
"2538","No"
"2013","No"
"0246","No"
"1748","Yes"
"2475","No"
"0251","Yes"
"2180","No"
"0767","Yes"
"1596","Yes"
"0595","No"
"1463","No"
"0144","No"
"0244","Yes"
"1968","Yes"
"0174","No"
"0607","Yes"
"2449","No"
"0481","Yes"
"1790","Yes"
"0334","No"
"2208","No"
"1098","No"
"1485","Yes"
"2012","No"
"0526","No"
"1302","Yes"
"1840","No"
"0589","No"
"2619","No"
"1206","No"
"1797","Yes"
"1565","Yes"
"1450","No"
"0475","Yes"
"0468","Yes"
"1884","No"
"0240","Yes"
"0933","No"
"0098","No"
"2334","No"
"0807","Yes"
"0219","Yes"
"2695","No"
"2153","Yes"
"2468","Yes"
"1546","No"
"0434","No"
"0795","No"
"1943","Yes"
"2998","No"
"2620","Yes"
"2166","No"
"1154","No"
"1003","No"
"1756","Yes"
"1423","No"
"1219","Yes"
"2186","No"
"1096","No"
"2277","No"
"2046","Yes"
"2949","Yes"
"0729","No"
"0172","No"
"0812","No"
"1608","No"
"2706","Yes"
"1910","No"
"0996","Yes"
"0052","Yes"
"1594","Yes"
"1956","No"
"1489","Yes"
"1794","No"
"2039","Yes"
"0297","Yes"
"0112","No"
"2908","Yes"
"2663","No"
"0513","Yes"
"2229","No"
"1503","No"
"2864","No"
"1731","Yes"
"1077","No"
"0686","Yes"
"0703","Yes"
"1904","Yes"
"2128","Yes"
"1021","Yes"
"2318","No"
"0411","No"
"0621","No"
"1324","No"
"0222","No"
"0947","No"
"2978","No"
"2024","Yes"
"1877","Yes"
"2278","No"
"0710","Yes"
"0446","No"
"2445","No"
"0072","Yes"
"0096","Yes"
"0868","No"
"1982","No"
"1629","Yes"
"0803","No"
"0837","No"
"1009","Yes"
"0836","No"
"2162","No"
"0108","No"
"0226","No"
"2390","Yes"
"0455","Yes"
"0663","Yes"
"1505","No"
"2877","No"
"2177","Yes"
"1371","No"
"2346","No"
"2473","Yes"
"2369","Yes"
"1446","Yes"
"1524","No"
"0741","No"
"1180","No"
"2050","Yes"
"2378","No"
"0117","Yes"
"1902","No"
"1923","Yes"
"0311","No"
"2297","No"
"0736","No"
"0418","No"
"0143","No"
"1615","No"
"1173","Yes"
"1438","No"
"2519","No"
"1714","No"
"1657","Yes"
"1439","Yes"
"2684","Yes"
"0295","No"
"1203","Yes"
"0374","No"
"1247","No"
"0133","Yes"
"2200","Yes"
"1728","Yes"
"1749","Yes"
"0581","No"
"2496","No"
"0848","Yes"
"0572","No"
"1694","No"
"2231","No"
"1573","Yes"
"0816","No"
"2797","No"
"2556","No"
"0153","No"
"1074","Yes"
"2505","No"
"1370","No"
"1944","No"
"1536","No"
"0878","No"
"2756","No"
"0918","Yes"
"0766","Yes"
"0875","Yes"
"1364","Yes"
"2363","Yes"
"1076","Yes"
"0440","No"
"1166","Yes"
"2159","No"
"2879","No"
"0643","Yes"
"1053","No"
"0737","No"
"0586","No"
"1938","No"
"0054","No"
"2280","Yes"
"2218","No"
"1189","Yes"
"0148","Yes"
"0493","Yes"
"2307","No"
"2928","No"
"0202","No"
"2847","Yes"
"0375","Yes"
"1523","No"
"2582","No"
"2075","No"
"0106","Yes"
"2726","No"
"0997","Yes"
"1215","No"
"0099","No"
"0372","Yes"
"0535","Yes"
"0075","No"
"2985","Yes"
"2532","No"
"0489","No"
"1997","No"
"0693","Yes"
"0201","No"
"0614","No"
"0017","No"
"0032","No"
"1092","No"
"2898","No"
"1428","No"
"1560","No"
"2030","No"
"0720","Yes"
"0248","No"
"2168","Yes"
"0664","Yes"
"2983","No"
"0177","No"
"2613","Yes"
"2780","No"
"2032","No"
"2574","Yes"
"0840","No"
"2808","No"
"0465","Yes"
"1506","No"
"2641","Yes"
"0563","No"
"0232","No"
"0175","Yes"
"2431","No"
"1164","No"
"0690","Yes"
"0755","Yes"
"1213","Yes"
"0588","No"
"1705","No"
"1940","No"
"2478","No"
"1059","No"
"1358","No"
"2512","No"
"1118","No"
"0982","No"
"2250","No"
"1704","No"
"0948","No"
"1643","No"
"2692","No"
"1543","Yes"
"1579","No"
"2471","No"
"2010","Yes"
"2533","Yes"
"1611","No"
"1023","Yes"
"0123","No"
"2881","Yes"
"2228","Yes"
"2061","Yes"
"1097","No"
"0769","Yes"
"1848","Yes"
"2820","Yes"
"2583","Yes"
"1867","Yes"
"2884","No"
"2201","No"
"1038","No"
"0869","Yes"
"2567","No"
"2979","No"
"2717","No"
"0238","No"
"0606","No"
"2802","Yes"
"0503","No"
"2022","Yes"
"1100","Yes"
"2073","Yes"
"2251","No"
"1140","Yes"
"1530","No"
"0198","Yes"
"0141","Yes"
"0355","No"
"0139","No"
"1903","Yes"
"0359","No"
"2074","No"
"1763","No"
"0538","Yes"
"0689","No"
"0905","Yes"
"1222","No"
"2279","Yes"
"1832","No"
"2656","No"
"1322","No"
"1533","No"
"1130","Yes"
"0405","Yes"
"1435","No"
"2699","Yes"
"2685","No"
"2192","Yes"
"0553","Yes"
"0119","No"
"1340","Yes"
"0929","Yes"
"2971","No"
"0779","No"
"2410","Yes"
"2469","Yes"
"0976","Yes"
"2033","No"
"2945","No"
"0289","No"
"2610","No"
"1801","Yes"
"0165","No"
"2935","Yes"
"0650","No"
"0695","No"
"1487","Yes"
"2736","Yes"
"0063","Yes"
"2763","No"
"2951","No"
"1869","No"
"2451","Yes"
"1412","No"
"2174","Yes"
"1449","No"
"0860","Yes"
"1821","No"
"0939","Yes"
"0131","No"
"0256","No"
"2542","Yes"
"2853","No"
"1312","Yes"
"0073","Yes"
"1652","No"
"1393","No"
"1552","Yes"
"1410","Yes"
"0514","No"
"0065","Yes"
"0301","No"
"2001","No"
"2312","No"
"0396","No"
"1520","No"
"2190","No"
"1586","Yes"
"2360","Yes"
"2906","No"
"1915","No"
"0093","Yes"
"1258","Yes"
"0167","No"
"2051","No"
"2988","No"
"1133","No"
"1281","Yes"
"0019","No"
"0033","No"
"1483","No"
"2111","No"
"0802","No"
"1383","No"
"0864","Yes"
"1843","No"
"0181","Yes"
"2069","No"
"1054","No"
"0496","No"
"2395","No"
"0103","Yes"
"0291","No"
"1606","No"
"1248","No"
"0486","No"
"0639","Yes"
"1172","No"
"0347","Yes"
"1493","No"
"1430","Yes"
"1440","Yes"
"0485","Yes"
"1939","Yes"
"0300","Yes"
"2814","No"
"2283","No"
"1977","Yes"
"2834","No"
"2804","No"
"2913","Yes"
"1085","No"
"2982","No"
"1654","No"
"1124","Yes"
"2844","Yes"
"0580","Yes"
"2220","Yes"
"1040","Yes"
"0064","No"
"2885","Yes"
"0968","Yes"
"2944","No"
"0327","No"
"0319","No"
"1033","Yes"
"2572","No"
"0460","Yes"
"2143","Yes"
"1277","Yes"
"0454","Yes"
"0085","Yes"
"0562","No"
"0817","Yes"
"1917","No"
"2942","No"
"1512","Yes"
"2125","No"
"2273","No"
"1971","No"
"2749","Yes"
"2089","Yes"
"1973","No"
"2405","No"
"2941","No"
"2810","No"
"2674","Yes"
"0642","No"
"1789","Yes"
"0559","Yes"
"0532","No"
"0302","No"
"1778","Yes"
"1264","No"
"0013","Yes"
"1492","Yes"
"0583","No"
"1342","No"
"0674","No"
"1818","No"
"0060","No"
"0346","No"
"1457","Yes"
"2488","Yes"
"0691","No"
"0564","No"
"1592","No"
"1882","Yes"
"0623","No"
"2132","No"
"1733","No"
"1720","Yes"
"2247","No"
"1055","Yes"
"0871","Yes"
"1025","Yes"
"1786","No"
"0344","No"
"1729","Yes"
"0984","No"
"0787","No"
"1717","No"
"1041","Yes"
"2007","No"
"2668","No"
"2819","Yes"
"0477","Yes"
"1001","No"
"0317","No"
"2064","No"
"0644","No"
"0402","No"
"1360","No"
"0818","No"
"1207","Yes"
"2762","No"
"1711","Yes"
"2165","Yes"
"1919","No"
"1578","No"
"0545","No"
"0822","No"
"0111","No"
"0076","No"
"1246","No"
"0047","No"
"2117","No"
"0594","No"
"2774","No"
"1547","Yes"
"0789","Yes"
"1762","Yes"
"2079","No"
"0587","Yes"
"0370","No"
"2921","Yes"
"2760","No"
"2882","No"
"2657","Yes"
"2510","No"
"0036","Yes"
"2781","No"
"0381","No"
"0323","No"
"0834","No"
"2320","Yes"
"0480","No"
"2671","No"
"1381","Yes"
"0981","No"
"2306","Yes"
"2932","Yes"
"1190","No"
"0544","No"
"2324","Yes"
"0536","Yes"
"1981","No"
"2761","Yes"
"1225","No"
"1280","Yes"
"0838","No"
"1299","Yes"
"2440","No"
"0881","Yes"
"1873","No"
"0682","Yes"
"0625","Yes"
"2189","No"
"1369","Yes"
"2088","No"
"0747","No"
"2633","Yes"
"2127","Yes"
"0021","No"
"2934","Yes"
"0478","No"
"0012","Yes"
"2943","Yes"
"0189","Yes"
"1400","Yes"
"2919","Yes"
"2901","No"
"1162","No"
"2745","No"
"2272","No"
"2835","No"
"0669","No"
"2397","No"
"2171","Yes"
"1226","No"
"2601","Yes"
"2302","No"
"1572","Yes"
"1936","No"
"1110","No"
"1018","Yes"
"1387","No"
"1504","Yes"
"2594","Yes"
"1857","Yes"
"0363","No"
"0387","Yes"
"0862","Yes"
"1488","No"
"2020","No"
"2184","No"
"0843","Yes"
"1601","No"
"0146","No"
"2424","No"
"1991","No"
"2367","No"
"1448","Yes"
"1673","No"
"2149","No"
"1897","No"
"1730","No"
"1384","Yes"
"2799","Yes"
"0218","No"
"0906","No"
"0849","No"
"2857","No"
"0919","No"
"1666","No"
"0279","No"
"2377","No"
"2974","Yes"
"1224","Yes"
"2790","No"
"0192","No"
"0461","No"
"2690","No"
"2104","No"
"0867","No"
"2221","No"
"2444","Yes"
"0028","No"
"2185","Yes"
"1142","No"
